country,numeric_code,time_period,Proportion of schools with no hygiene service
Andorra,20,2000,0.0
Andorra,20,2001,0.0
Andorra,20,2002,0.0
Andorra,20,2003,0.0
Andorra,20,2004,0.0
Andorra,20,2005,0.0
Andorra,20,2006,0.0
Andorra,20,2007,0.0
Andorra,20,2008,0.0
Andorra,20,2009,0.0
Andorra,20,2010,0.0
Andorra,20,2011,0.0
Andorra,20,2012,0.0
Andorra,20,2013,0.0
Andorra,20,2014,0.0
Andorra,20,2015,0.0
Andorra,20,2016,0.0
Andorra,20,2017,0.0
Andorra,20,2018,0.0
Andorra,20,2019,0.0
Andorra,20,2020,0.0
Andorra,20,2021,0.0
Andorra,20,2022,0.0
Andorra,20,2023,0.0
Angola,24,2016,12.96905
Angola,24,2017,12.96905
Angola,24,2018,12.96905
Angola,24,2019,12.96905
Angola,24,2020,12.96905
Angola,24,2021,12.96905
Angola,24,2022,12.96905
Angola,24,2023,12.96905
Anguilla,660,2000,0.0
Anguilla,660,2001,0.0
Anguilla,660,2002,0.0
Anguilla,660,2003,0.0
Anguilla,660,2004,0.0
Anguilla,660,2005,0.0
Anguilla,660,2006,0.0
Anguilla,660,2007,0.0
Anguilla,660,2008,0.0
Anguilla,660,2009,0.0
Anguilla,660,2010,0.0
Anguilla,660,2011,0.0
Anguilla,660,2012,0.0
Anguilla,660,2013,0.0
Anguilla,660,2014,0.0
Anguilla,660,2015,0.0
Anguilla,660,2016,0.0
Anguilla,660,2017,0.0
Anguilla,660,2018,0.0
Anguilla,660,2019,0.0
Anguilla,660,2020,0.0
Anguilla,660,2021,0.0
Anguilla,660,2022,0.0
Anguilla,660,2023,0.0
Antigua and Barbuda,28,2000,0.0
Antigua and Barbuda,28,2001,0.0
Antigua and Barbuda,28,2002,0.0
Antigua and Barbuda,28,2003,0.0
Antigua and Barbuda,28,2004,0.0
Antigua and Barbuda,28,2005,0.0
Antigua and Barbuda,28,2006,0.0
Antigua and Barbuda,28,2007,0.0
Antigua and Barbuda,28,2008,0.0
Antigua and Barbuda,28,2009,0.0
Antigua and Barbuda,28,2010,0.0
Antigua and Barbuda,28,2011,0.0
Antigua and Barbuda,28,2012,0.0
Antigua and Barbuda,28,2013,0.0
Antigua and Barbuda,28,2014,0.0
Antigua and Barbuda,28,2015,0.0
Antigua and Barbuda,28,2016,0.0
Antigua and Barbuda,28,2017,0.0
Antigua and Barbuda,28,2018,0.0
Antigua and Barbuda,28,2019,0.0
Antigua and Barbuda,28,2020,0.0
Antigua and Barbuda,28,2021,0.0
Antigua and Barbuda,28,2022,0.0
Antigua and Barbuda,28,2023,0.0
Australia,36,2000,0.0
Australia,36,2001,0.0
Australia,36,2002,0.0
Australia,36,2003,0.0
Australia,36,2004,0.0
Australia,36,2005,0.0
Australia,36,2006,0.0
Australia,36,2007,0.0
Australia,36,2008,0.0
Australia,36,2009,0.0
Australia,36,2010,0.0
Australia,36,2011,0.0
Australia,36,2012,0.0
Australia,36,2013,0.0
Australia,36,2014,0.0
Australia,36,2015,0.0
Australia,36,2016,0.0
Australia,36,2017,0.0
Australia,36,2018,0.0
Australia,36,2019,0.0
Australia,36,2020,0.0
Australia,36,2021,0.0
Australia,36,2022,0.0
Australia,36,2023,0.0
Austria,40,2000,0.0
Austria,40,2001,0.0
Austria,40,2002,0.0
Austria,40,2003,0.0
Austria,40,2004,0.0
Austria,40,2005,0.0
Austria,40,2006,0.0
Austria,40,2007,0.0
Austria,40,2008,0.0
Austria,40,2009,0.0
Austria,40,2010,0.0
Austria,40,2011,0.0
Austria,40,2012,0.0
Austria,40,2013,0.0
Austria,40,2014,0.0
Austria,40,2015,0.0
Austria,40,2016,0.0
Austria,40,2017,0.0
Austria,40,2018,0.0
Austria,40,2019,0.0
Austria,40,2020,0.0
Austria,40,2021,0.0
Austria,40,2022,0.0
Austria,40,2023,0.0
Azerbaijan,31,2000,0.0
Azerbaijan,31,2001,0.0
Azerbaijan,31,2002,0.0
Azerbaijan,31,2003,0.0
Azerbaijan,31,2004,0.0
Azerbaijan,31,2005,0.0
Azerbaijan,31,2006,0.0
Azerbaijan,31,2007,0.0
Azerbaijan,31,2008,0.0
Azerbaijan,31,2009,0.0
Azerbaijan,31,2010,0.0
Azerbaijan,31,2011,0.0
Azerbaijan,31,2012,0.0
Azerbaijan,31,2013,0.0
Azerbaijan,31,2014,0.0
Azerbaijan,31,2015,0.0
Azerbaijan,31,2016,0.0
Azerbaijan,31,2017,0.0
Azerbaijan,31,2018,0.0
Azerbaijan,31,2019,0.0
Azerbaijan,31,2020,0.0
Azerbaijan,31,2021,0.0
Azerbaijan,31,2022,0.0
Azerbaijan,31,2023,0.0
Bahrain,48,2000,0.0
Bahrain,48,2001,0.0
Bahrain,48,2002,0.0
Bahrain,48,2003,0.0
Bahrain,48,2004,0.0
Bahrain,48,2005,0.0
Bahrain,48,2006,0.0
Bahrain,48,2007,0.0
Bahrain,48,2008,0.0
Bahrain,48,2009,0.0
Bahrain,48,2010,0.0
Bahrain,48,2011,0.0
Bahrain,48,2012,0.0
Bahrain,48,2013,0.0
Bahrain,48,2014,0.0
Bahrain,48,2015,0.0
Bahrain,48,2016,0.0
Bahrain,48,2017,0.0
Bahrain,48,2018,0.0
Bahrain,48,2019,0.0
Bahrain,48,2020,0.0
Bahrain,48,2021,0.0
Bahrain,48,2022,0.0
Bahrain,48,2023,0.0
Bangladesh,50,2008,18.31000000000000
Bangladesh,50,2009,18.31000000000000
Bangladesh,50,2010,18.31000000000000
Bangladesh,50,2011,18.31000000000000
Bangladesh,50,2012,18.31000000000000
Bangladesh,50,2013,16.6550000000002
Bangladesh,50,2014,15.0
Bangladesh,50,2015,13.34500000000030
Bangladesh,50,2016,11.69000000000010
Bangladesh,50,2017,10.03499999999990
Bangladesh,50,2018,8.38000000000011
Bangladesh,50,2019,6.724999999999910
Bangladesh,50,2020,5.070000000000170
Bangladesh,50,2021,5.070000000000170
Bangladesh,50,2022,5.070000000000170
Bangladesh,50,2023,5.070000000000170
Barbados,52,2000,0.0
Barbados,52,2001,0.0
Barbados,52,2002,0.0
Barbados,52,2003,0.0
Barbados,52,2004,0.0
Barbados,52,2005,0.0
Barbados,52,2006,0.0
Barbados,52,2007,0.0
Barbados,52,2008,0.0
Barbados,52,2009,0.0
Barbados,52,2010,0.0
Barbados,52,2011,0.0
Barbados,52,2012,0.0
Barbados,52,2013,0.0
Barbados,52,2014,0.0
Barbados,52,2015,0.0
Barbados,52,2016,0.0
Barbados,52,2017,0.0
Barbados,52,2018,0.0
Barbados,52,2019,0.0
Barbados,52,2020,0.0
Barbados,52,2021,0.0
Barbados,52,2022,0.0
Barbados,52,2023,0.0
Belarus,112,2000,0.0
Belarus,112,2001,0.0
Belarus,112,2002,0.0
Belarus,112,2003,0.0
Belarus,112,2004,0.0
Belarus,112,2005,0.0
Belarus,112,2006,0.0
Belarus,112,2007,0.0
Belarus,112,2008,0.0
Belarus,112,2009,0.0
Belarus,112,2010,0.0
Belarus,112,2011,0.0
Belarus,112,2012,0.0
Belarus,112,2013,0.0
Belarus,112,2014,0.0
Belarus,112,2015,0.0
Belarus,112,2016,0.0
Belarus,112,2017,0.0
Belarus,112,2018,0.0
Belarus,112,2019,0.0
Belarus,112,2020,0.0
Belarus,112,2021,0.0
Belarus,112,2022,0.0
Belarus,112,2023,0.0
Belgium,56,2000,0.0
Belgium,56,2001,0.0
Belgium,56,2002,0.0
Belgium,56,2003,0.0
Belgium,56,2004,0.0
Belgium,56,2005,0.0
Belgium,56,2006,0.0
Belgium,56,2007,0.0
Belgium,56,2008,0.0
Belgium,56,2009,0.0
Belgium,56,2010,0.0
Belgium,56,2011,0.0
Belgium,56,2012,0.0
Belgium,56,2013,0.0
Belgium,56,2014,0.0
Belgium,56,2015,0.0
Belgium,56,2016,0.0
Belgium,56,2017,0.0
Belgium,56,2018,0.0
Belgium,56,2019,0.0
Belgium,56,2020,0.0
Belgium,56,2021,0.0
Belgium,56,2022,0.0
Belgium,56,2023,0.0
Belize,84,2005,9.099999999999990
Belize,84,2006,9.099999999999990
Belize,84,2007,9.099999999999990
Belize,84,2008,9.099999999999990
Belize,84,2009,9.099999999999990
Belize,84,2010,9.099999999999990
Belize,84,2011,9.099999999999990
Belize,84,2012,9.099999999999990
Belize,84,2013,9.099999999999990
Bermuda,60,2000,0.0
Bermuda,60,2001,0.0
Bermuda,60,2002,0.0
Bermuda,60,2003,0.0
Bermuda,60,2004,0.0
Bermuda,60,2005,0.0
Bermuda,60,2006,0.0
Bermuda,60,2007,0.0
Bermuda,60,2008,0.0
Bermuda,60,2009,0.0
Bermuda,60,2010,0.0
Bermuda,60,2011,0.0
Bermuda,60,2012,0.0
Bermuda,60,2013,0.0
Bermuda,60,2014,0.0
Bermuda,60,2015,0.0
Bermuda,60,2016,0.0
Bermuda,60,2017,0.0
Bermuda,60,2018,0.0
Bermuda,60,2019,0.0
Bermuda,60,2020,0.0
Bermuda,60,2021,0.0
Bermuda,60,2022,0.0
Bermuda,60,2023,0.0
Bhutan,64,2009,5.590856405697200
Bhutan,64,2010,5.590856405697200
Bhutan,64,2011,5.590856405697200
Bhutan,64,2012,5.590856405697200
Bhutan,64,2013,5.590856405697200
Bhutan,64,2014,9.006728992677380
Bhutan,64,2015,12.42260157965760
Bhutan,64,2016,15.83847416663680
Bhutan,64,2017,19.25434675361700
Bhutan,64,2018,22.6702193405963
Bhutan,64,2019,26.08609192757650
Bhutan,64,2020,29.50196451455670
Bhutan,64,2021,32.91783710153600
Bhutan,64,2022,36.33370968851610
Bhutan,64,2023,39.74958227549630
"Bolivia, Plurinational State of",68,2000,73.717637718873
"Bolivia, Plurinational State of",68,2001,72.3018568341199
"Bolivia, Plurinational State of",68,2002,70.8860759493673
"Bolivia, Plurinational State of",68,2003,69.47029506461470
"Bolivia, Plurinational State of",68,2004,68.0545141798616
"Bolivia, Plurinational State of",68,2005,66.63873329510900
"Bolivia, Plurinational State of",68,2006,65.22295241035640
"Bolivia, Plurinational State of",68,2007,63.80717152560330
"Bolivia, Plurinational State of",68,2008,62.39139064085070
"Bolivia, Plurinational State of",68,2009,60.97560975609760
"Bolivia, Plurinational State of",68,2010,59.55982887134500
"Bolivia, Plurinational State of",68,2011,58.14404798659230
"Bolivia, Plurinational State of",68,2012,58.14404798659230
"Bolivia, Plurinational State of",68,2013,58.14404798659230
"Bolivia, Plurinational State of",68,2014,58.14404798659230
"Bolivia, Plurinational State of",68,2015,58.14404798659230
Brazil,76,2009,3.945149412311340
Brazil,76,2010,3.945149412311340
Brazil,76,2011,3.945149412311340
Brazil,76,2012,3.945149412311340
Brazil,76,2013,3.945149412311340
Brazil,76,2014,3.945149412311340
Brazil,76,2015,3.945149412311340
Brazil,76,2016,3.945149412311340
Brazil,76,2017,3.945149412311340
Brazil,76,2018,3.945149412311340
Brazil,76,2019,3.945149412311340
Brazil,76,2020,3.945149412311340
Brazil,76,2021,3.945149412311340
Brazil,76,2022,3.945149412311340
Brazil,76,2023,3.945149412311340
"Virgin Islands, British",92,2000,0.0
"Virgin Islands, British",92,2001,0.0
"Virgin Islands, British",92,2002,0.0
"Virgin Islands, British",92,2003,0.0
"Virgin Islands, British",92,2004,0.0
"Virgin Islands, British",92,2005,0.0
"Virgin Islands, British",92,2006,0.0
"Virgin Islands, British",92,2007,0.0
"Virgin Islands, British",92,2008,0.0
"Virgin Islands, British",92,2009,0.0
"Virgin Islands, British",92,2010,0.0
"Virgin Islands, British",92,2011,0.0
"Virgin Islands, British",92,2012,0.0
"Virgin Islands, British",92,2013,0.0
"Virgin Islands, British",92,2014,0.0
"Virgin Islands, British",92,2015,0.0
"Virgin Islands, British",92,2016,0.0
"Virgin Islands, British",92,2017,0.0
"Virgin Islands, British",92,2018,0.0
"Virgin Islands, British",92,2019,0.0
"Virgin Islands, British",92,2020,0.0
"Virgin Islands, British",92,2021,0.0
"Virgin Islands, British",92,2022,0.0
"Virgin Islands, British",92,2023,0.0
Brunei,96,2000,0.0
Brunei,96,2001,0.0
Brunei,96,2002,0.0
Brunei,96,2003,0.0
Brunei,96,2004,0.0
Brunei,96,2005,0.0
Brunei,96,2006,0.0
Brunei,96,2007,0.0
Brunei,96,2008,0.0
Brunei,96,2009,0.0
Brunei,96,2010,0.0
Brunei,96,2011,0.0
Brunei,96,2012,0.0
Brunei,96,2013,0.0
Brunei,96,2014,0.0
Brunei,96,2015,0.0
Brunei,96,2016,0.0
Brunei,96,2017,0.0
Brunei,96,2018,0.0
Brunei,96,2019,0.0
Brunei,96,2020,0.0
Brunei,96,2021,0.0
Brunei,96,2022,0.0
Brunei,96,2023,0.0
Burundi,108,2014,66.64839126093850
Burundi,108,2015,66.64839126093850
Burundi,108,2016,66.64839126093850
Burundi,108,2017,66.64839126093850
Burundi,108,2018,66.64839126093850
Burundi,108,2019,66.64839126093850
Burundi,108,2020,66.64839126093850
Burundi,108,2021,66.64839126093850
Burundi,108,2022,66.64839126093850
Cambodia,116,2010,66.70704644537180
Cambodia,116,2011,66.70704644537180
Cambodia,116,2012,66.70704644537180
Cambodia,116,2013,66.70704644537180
Cambodia,116,2014,66.70704644537180
Cambodia,116,2015,60.69631220031620
Cambodia,116,2016,54.68557795526070
Cambodia,116,2017,48.6748437102051
Cambodia,116,2018,42.66410946514950
Cambodia,116,2019,36.65337522009400
Cambodia,116,2020,30.64264097503840
Cambodia,116,2021,24.6319067299828
Cambodia,116,2022,18.62117248492720
Cambodia,116,2023,12.61043823987170
Cayman Islands,136,2000,0.0
Cayman Islands,136,2001,0.0
Cayman Islands,136,2002,0.0
Cayman Islands,136,2003,0.0
Cayman Islands,136,2004,0.0
Cayman Islands,136,2005,0.0
Cayman Islands,136,2006,0.0
Cayman Islands,136,2007,0.0
Cayman Islands,136,2008,0.0
Cayman Islands,136,2009,0.0
Cayman Islands,136,2010,0.0
Cayman Islands,136,2011,0.0
Cayman Islands,136,2012,0.0
Cayman Islands,136,2013,0.0
Cayman Islands,136,2014,0.0
Cayman Islands,136,2015,0.0
Cayman Islands,136,2016,0.0
Cayman Islands,136,2017,0.0
Cayman Islands,136,2018,0.0
Cayman Islands,136,2019,0.0
Cayman Islands,136,2020,0.0
Cayman Islands,136,2021,0.0
Cayman Islands,136,2022,0.0
Cayman Islands,136,2023,0.0
Chad,148,2015,42.74208353789950
Chad,148,2016,42.74208353789950
Chad,148,2017,42.74208353789950
Chad,148,2018,42.74208353789950
Chad,148,2019,42.74208353789950
Chad,148,2020,42.74208353789950
Chad,148,2021,42.74208353789950
Chad,148,2022,42.74208353789950
Chad,148,2023,42.74208353789950
China,156,2012,2.267808905083370
China,156,2013,2.267808905083370
China,156,2014,2.267808905083370
China,156,2015,2.267808905083370
China,156,2016,2.267808905083370
China,156,2017,2.008551727352370
China,156,2018,1.749294549621370
China,156,2019,1.490037371890370
China,156,2020,1.230780194159370
China,156,2021,0.971523016428364
China,156,2022,0.712265838697363
China,156,2023,0.4530086609663610
Hong Kong,344,2000,0.0
Hong Kong,344,2001,0.0
Hong Kong,344,2002,0.0
Hong Kong,344,2003,0.0
Hong Kong,344,2004,0.0
Hong Kong,344,2005,0.0
Hong Kong,344,2006,0.0
Hong Kong,344,2007,0.0
Hong Kong,344,2008,0.0
Hong Kong,344,2009,0.0
Hong Kong,344,2010,0.0
Hong Kong,344,2011,0.0
Hong Kong,344,2012,0.0
Hong Kong,344,2013,0.0
Hong Kong,344,2014,0.0
Hong Kong,344,2015,0.0
Hong Kong,344,2016,0.0
Hong Kong,344,2017,0.0
Hong Kong,344,2018,0.0
Hong Kong,344,2019,0.0
Hong Kong,344,2020,0.0
Hong Kong,344,2021,0.0
Hong Kong,344,2022,0.0
Hong Kong,344,2023,0.0
Macao,446,2000,0.0
Macao,446,2001,0.0
Macao,446,2002,0.0
Macao,446,2003,0.0
Macao,446,2004,0.0
Macao,446,2005,0.0
Macao,446,2006,0.0
Macao,446,2007,0.0
Macao,446,2008,0.0
Macao,446,2009,0.0
Macao,446,2010,0.0
Macao,446,2011,0.0
Macao,446,2012,0.0
Macao,446,2013,0.0
Macao,446,2014,0.0
Macao,446,2015,0.0
Macao,446,2016,0.0
Macao,446,2017,0.0
Macao,446,2018,0.0
Macao,446,2019,0.0
Macao,446,2020,0.0
Macao,446,2021,0.0
Macao,446,2022,0.0
Macao,446,2023,0.0
Colombia,170,2008,45.9
Colombia,170,2009,45.9
Colombia,170,2010,45.9
Colombia,170,2011,45.9
Colombia,170,2012,45.9
Colombia,170,2013,45.9
Colombia,170,2014,45.9
Colombia,170,2015,45.9
Colombia,170,2016,45.9
Cook Islands,184,2000,0.0
Cook Islands,184,2001,0.0
Cook Islands,184,2002,0.0
Cook Islands,184,2003,0.0
Cook Islands,184,2004,0.0
Cook Islands,184,2005,0.0
Cook Islands,184,2006,0.0
Cook Islands,184,2007,0.0
Cook Islands,184,2008,0.0
Cook Islands,184,2009,0.0
Cook Islands,184,2010,0.0
Cook Islands,184,2011,0.0
Cook Islands,184,2012,0.0
Cook Islands,184,2013,0.0
Cook Islands,184,2014,0.0
Cook Islands,184,2015,0.0
Cook Islands,184,2016,0.0
Cook Islands,184,2017,0.0
Cook Islands,184,2018,0.0
Cook Islands,184,2019,0.0
Cook Islands,184,2020,0.0
Cook Islands,184,2021,0.0
Cook Islands,184,2022,0.0
Cook Islands,184,2023,0.0
Costa Rica,188,2000,48.54258955483780
Costa Rica,188,2001,48.54258955483780
Costa Rica,188,2002,47.04213256419330
Costa Rica,188,2003,45.54167557354910
Costa Rica,188,2004,44.04121858290460
Costa Rica,188,2005,42.54076159226000
Costa Rica,188,2006,41.04030460161540
Costa Rica,188,2007,39.53984761097080
Costa Rica,188,2008,38.03939062032620
Costa Rica,188,2009,36.53893362968170
Costa Rica,188,2010,35.03847663903710
Costa Rica,188,2011,33.53801964839300
Costa Rica,188,2012,32.03756265774840
Costa Rica,188,2013,30.53710566710380
Costa Rica,188,2014,29.03664867645920
Costa Rica,188,2015,27.53619168581460
Costa Rica,188,2016,26.03573469517010
Costa Rica,188,2017,24.53527770452550
Costa Rica,188,2018,23.03482071388090
Costa Rica,188,2019,21.53436372323680
Costa Rica,188,2020,20.03390673259220
Costa Rica,188,2021,18.53344974194760
Costa Rica,188,2022,17.03299275130300
Costa Rica,188,2023,17.03299275130300
Croatia,191,2010,1.260000000000010
Croatia,191,2011,1.260000000000010
Croatia,191,2012,1.260000000000010
Croatia,191,2013,1.260000000000010
Croatia,191,2014,1.260000000000010
Croatia,191,2015,1.260000000000010
Croatia,191,2016,1.260000000000010
Croatia,191,2017,1.260000000000010
Croatia,191,2018,1.260000000000010
Cuba,192,2000,0.0
Cuba,192,2001,0.0
Cuba,192,2002,0.0
Cuba,192,2003,0.0
Cuba,192,2004,0.0
Cuba,192,2005,0.0
Cuba,192,2006,0.0
Cuba,192,2007,0.0
Cuba,192,2008,0.0
Cuba,192,2009,0.0
Cuba,192,2010,0.0
Cuba,192,2011,0.0
Cuba,192,2012,0.0
Cuba,192,2013,0.0
Cuba,192,2014,0.0
Cuba,192,2015,0.0
Cuba,192,2016,0.0
Cuba,192,2017,0.0
Cuba,192,2018,0.0
Cuba,192,2019,0.0
Cuba,192,2020,0.0
Cuba,192,2021,0.0
Cuba,192,2022,0.0
Cuba,192,2023,0.0
Czech Republic,203,2000,0.0
Czech Republic,203,2001,0.0
Czech Republic,203,2002,0.0
Czech Republic,203,2003,0.0
Czech Republic,203,2004,0.0
Czech Republic,203,2005,0.0
Czech Republic,203,2006,0.0
Czech Republic,203,2007,0.0
Czech Republic,203,2008,0.0
Czech Republic,203,2009,0.0
Czech Republic,203,2010,0.0
Czech Republic,203,2011,0.0
Czech Republic,203,2012,0.0
Czech Republic,203,2013,0.0
Czech Republic,203,2014,0.0
Czech Republic,203,2015,0.0
Czech Republic,203,2016,0.0
Czech Republic,203,2017,0.0
Czech Republic,203,2018,0.0
Czech Republic,203,2019,0.0
Czech Republic,203,2020,0.0
Czech Republic,203,2021,0.0
Czech Republic,203,2022,0.0
Czech Republic,203,2023,0.0
Ivory Coast,384,2000,100.0
Ivory Coast,384,2001,100.0
Ivory Coast,384,2002,100.0
Ivory Coast,384,2003,100.0
Ivory Coast,384,2004,100.0
Ivory Coast,384,2005,100.0
Ivory Coast,384,2006,100.0
Ivory Coast,384,2007,100.0
Ivory Coast,384,2008,100.0
Ivory Coast,384,2009,100.0
Ivory Coast,384,2010,100.0
Ivory Coast,384,2011,100.0
Ivory Coast,384,2012,100.0
Ivory Coast,384,2013,95.39587513239170
Ivory Coast,384,2014,89.05420410033550
Ivory Coast,384,2015,82.7125330682793
Ivory Coast,384,2016,76.37086203622310
Ivory Coast,384,2017,70.02919100416880
Ivory Coast,384,2018,63.68751997211260
Ivory Coast,384,2019,57.42715715800110
Ivory Coast,384,2020,53.88730284385290
Ivory Coast,384,2021,50.34744852970560
Ivory Coast,384,2022,46.80759421555830
Ivory Coast,384,2023,43.2677399014101
Denmark,208,2000,0.0
Denmark,208,2001,0.0
Denmark,208,2002,0.0
Denmark,208,2003,0.0
Denmark,208,2004,0.0
Denmark,208,2005,0.0
Denmark,208,2006,0.0
Denmark,208,2007,0.0
Denmark,208,2008,0.0
Denmark,208,2009,0.0
Denmark,208,2010,0.0
Denmark,208,2011,0.0
Denmark,208,2012,0.0
Denmark,208,2013,0.0
Denmark,208,2014,0.0
Denmark,208,2015,0.0
Denmark,208,2016,0.0
Denmark,208,2017,0.0
Denmark,208,2018,0.0
Denmark,208,2019,0.0
Denmark,208,2020,0.0
Denmark,208,2021,0.0
Denmark,208,2022,0.0
Denmark,208,2023,0.0
Dominica,212,2000,0.0
Dominica,212,2001,0.0
Dominica,212,2002,0.0
Dominica,212,2003,0.0
Dominica,212,2004,0.0
Dominica,212,2005,0.0
Dominica,212,2006,0.0
Dominica,212,2007,0.0
Dominica,212,2008,0.0
Dominica,212,2009,0.0
Dominica,212,2010,0.0
Dominica,212,2011,0.0
Dominica,212,2012,0.0
Dominica,212,2013,0.0
Dominica,212,2014,0.0
Dominica,212,2015,0.0
Dominica,212,2016,0.0
Dominica,212,2017,0.0
Dominica,212,2018,0.0
Dominica,212,2019,0.0
Dominica,212,2020,0.0
Dominica,212,2021,0.0
Dominica,212,2022,0.0
Dominica,212,2023,0.0
Ecuador,218,2010,24.29600600000000
Ecuador,218,2011,24.29600600000000
Ecuador,218,2012,24.29600600000000
Ecuador,218,2013,24.29600600000000
Ecuador,218,2014,24.29600600000000
Ecuador,218,2015,24.13382200000000
Ecuador,218,2016,23.97163800000000
Ecuador,218,2017,23.80945400000000
Ecuador,218,2018,23.64727000000000
Ecuador,218,2019,23.48508600000000
Ecuador,218,2020,23.32290199999990
Ecuador,218,2021,23.16071800000000
Ecuador,218,2022,22.99853400000000
Ecuador,218,2023,22.99853400000000
Egypt,818,2000,0.0
Egypt,818,2001,0.0
Egypt,818,2002,0.0
Egypt,818,2003,0.0
Egypt,818,2004,0.0
Egypt,818,2005,0.0
Egypt,818,2006,0.0
Egypt,818,2007,0.0
Egypt,818,2008,0.0
Egypt,818,2009,0.0
Egypt,818,2010,0.0
Egypt,818,2011,0.0
Egypt,818,2012,0.0
Egypt,818,2013,0.0
Egypt,818,2014,0.0
Egypt,818,2015,0.0
Egypt,818,2016,0.0
Egypt,818,2017,0.0
Egypt,818,2018,0.0
Egypt,818,2019,0.0
Egypt,818,2020,0.0
Egypt,818,2021,0.0
Egypt,818,2022,0.0
Egypt,818,2023,0.0
Estonia,233,2000,0.0
Estonia,233,2001,0.0
Estonia,233,2002,0.0
Estonia,233,2003,0.0
Estonia,233,2004,0.0
Estonia,233,2005,0.0
Estonia,233,2006,0.0
Estonia,233,2007,0.0
Estonia,233,2008,0.0
Estonia,233,2009,0.0
Estonia,233,2010,0.0
Estonia,233,2011,0.0
Estonia,233,2012,0.0
Estonia,233,2013,0.0
Estonia,233,2014,0.0
Estonia,233,2015,0.0
Estonia,233,2016,0.0
Estonia,233,2017,0.0
Estonia,233,2018,0.0
Estonia,233,2019,0.0
Estonia,233,2020,0.0
Estonia,233,2021,0.0
Estonia,233,2022,0.0
Estonia,233,2023,0.0
Ethiopia,231,2011,83.72270192305040
Ethiopia,231,2012,83.72270192305040
Ethiopia,231,2013,83.72270192305040
Ethiopia,231,2014,83.72270192305040
Ethiopia,231,2015,83.72270192305040
Ethiopia,231,2016,81.79918073899720
Ethiopia,231,2017,79.87565955494390
Ethiopia,231,2018,77.95213837089020
Ethiopia,231,2019,76.02861718683700
Ethiopia,231,2020,74.10509600278370
Ethiopia,231,2021,72.1815748187305
Ethiopia,231,2022,70.2580536346768
Ethiopia,231,2023,68.33453245062360
Fiji,242,2011,56.89173714257770
Fiji,242,2012,56.89173714257770
Fiji,242,2013,56.89173714257770
Fiji,242,2014,56.89173714257770
Fiji,242,2015,56.89173714257770
Fiji,242,2016,56.89173714257770
Fiji,242,2017,56.89173714257770
Fiji,242,2018,56.89173714257770
Fiji,242,2019,56.89173714257770
Fiji,242,2020,56.89173714257770
Fiji,242,2021,56.89173714257770
Fiji,242,2022,56.89173714257770
Fiji,242,2023,56.89173714257770
Finland,246,2000,0.0
Finland,246,2001,0.0
Finland,246,2002,0.0
Finland,246,2003,0.0
Finland,246,2004,0.0
Finland,246,2005,0.0
Finland,246,2006,0.0
Finland,246,2007,0.0
Finland,246,2008,0.0
Finland,246,2009,0.0
Finland,246,2010,0.0
Finland,246,2011,0.0
Finland,246,2012,0.0
Finland,246,2013,0.0
Finland,246,2014,0.0
Finland,246,2015,0.0
Finland,246,2016,0.0
Finland,246,2017,0.0
Finland,246,2018,0.0
Finland,246,2019,0.0
Finland,246,2020,0.0
Finland,246,2021,0.0
Finland,246,2022,0.0
Finland,246,2023,0.0
France,250,2000,0.0
France,250,2001,0.0
France,250,2002,0.0
France,250,2003,0.0
France,250,2004,0.0
France,250,2005,0.0
France,250,2006,0.0
France,250,2007,0.0
France,250,2008,0.0
France,250,2009,0.0
France,250,2010,0.0
France,250,2011,0.0
France,250,2012,0.0
France,250,2013,0.0
France,250,2014,0.0
France,250,2015,0.0
France,250,2016,0.0
France,250,2017,0.0
France,250,2018,0.0
France,250,2019,0.0
France,250,2020,0.0
France,250,2021,0.0
France,250,2022,0.0
France,250,2023,0.0
Gabon,266,2017,11.93416000000000
Gabon,266,2018,11.93416000000000
Gabon,266,2019,11.93416000000000
Gabon,266,2020,11.93416000000000
Gabon,266,2021,11.93416000000000
Gabon,266,2022,11.93416000000000
Gabon,266,2023,11.93416000000000
Gambia,270,2016,62.46217446009380
Gambia,270,2017,62.46217446009380
Gambia,270,2018,62.46217446009380
Gambia,270,2019,62.46217446009380
Gambia,270,2020,62.46217446009380
Gambia,270,2021,62.46217446009380
Gambia,270,2022,62.46217446009380
Gambia,270,2023,62.46217446009380
Georgia,268,2009,27.02000000000000
Georgia,268,2010,27.02000000000000
Georgia,268,2011,27.02000000000000
Georgia,268,2012,27.02000000000000
Georgia,268,2013,27.02000000000000
Georgia,268,2014,27.02000000000000
Georgia,268,2015,27.02000000000000
Georgia,268,2016,27.02000000000000
Georgia,268,2017,27.02000000000000
Germany,276,2000,0.0
Germany,276,2001,0.0
Germany,276,2002,0.0
Germany,276,2003,0.0
Germany,276,2004,0.0
Germany,276,2005,0.0
Germany,276,2006,0.0
Germany,276,2007,0.0
Germany,276,2008,0.0
Germany,276,2009,0.0
Germany,276,2010,0.0
Germany,276,2011,0.0
Germany,276,2012,0.0
Germany,276,2013,0.0
Germany,276,2014,0.0
Germany,276,2015,0.0
Germany,276,2016,0.0
Germany,276,2017,0.0
Germany,276,2018,0.0
Germany,276,2019,0.0
Germany,276,2020,0.0
Germany,276,2021,0.0
Germany,276,2022,0.0
Germany,276,2023,0.0
Ghana,288,2015,38.295939200596
Ghana,288,2016,38.295939200596
Ghana,288,2017,38.295939200596
Ghana,288,2018,38.295939200596
Ghana,288,2019,38.295939200596
Ghana,288,2020,38.295939200596
Ghana,288,2021,38.295939200596
Ghana,288,2022,38.295939200596
Ghana,288,2023,38.295939200596
Gibraltar,292,2000,0.0
Gibraltar,292,2001,0.0
Gibraltar,292,2002,0.0
Gibraltar,292,2003,0.0
Gibraltar,292,2004,0.0
Gibraltar,292,2005,0.0
Gibraltar,292,2006,0.0
Gibraltar,292,2007,0.0
Gibraltar,292,2008,0.0
Gibraltar,292,2009,0.0
Gibraltar,292,2010,0.0
Gibraltar,292,2011,0.0
Gibraltar,292,2012,0.0
Gibraltar,292,2013,0.0
Gibraltar,292,2014,0.0
Gibraltar,292,2015,0.0
Gibraltar,292,2016,0.0
Gibraltar,292,2017,0.0
Gibraltar,292,2018,0.0
Gibraltar,292,2019,0.0
Gibraltar,292,2020,0.0
Gibraltar,292,2021,0.0
Gibraltar,292,2022,0.0
Gibraltar,292,2023,0.0
Grenada,308,2000,0.0
Grenada,308,2001,0.0
Grenada,308,2002,0.0
Grenada,308,2003,0.0
Grenada,308,2004,0.0
Grenada,308,2005,0.0
Grenada,308,2006,0.0
Grenada,308,2007,0.0
Grenada,308,2008,0.0
Grenada,308,2009,0.0
Grenada,308,2010,0.0
Grenada,308,2011,0.0
Grenada,308,2012,0.0
Grenada,308,2013,0.0
Grenada,308,2014,0.0
Grenada,308,2015,0.0
Grenada,308,2016,0.0
Grenada,308,2017,0.0
Grenada,308,2018,0.0
Grenada,308,2019,0.0
Grenada,308,2020,0.0
Grenada,308,2021,0.0
Grenada,308,2022,0.0
Grenada,308,2023,0.0
Guinea,324,2007,75.56643410134260
Guinea,324,2008,75.56643410134260
Guinea,324,2009,75.56643410134260
Guinea,324,2010,75.56643410134260
Guinea,324,2011,75.56643410134260
Guinea,324,2012,73.92082531985850
Guinea,324,2013,72.27521653837490
Guinea,324,2014,70.62960775689090
Guinea,324,2015,68.9839989754073
Guinea,324,2016,67.33839019392330
Guinea,324,2017,65.69278141243970
Guinea,324,2018,64.04717263095560
Guinea,324,2019,62.4015638494716
Guinea,324,2020,62.4015638494716
Guinea,324,2021,62.4015638494716
Guinea,324,2022,62.4015638494716
Guinea,324,2023,62.4015638494716
Guinea-Bissau,624,2017,18.22178798241330
Guinea-Bissau,624,2018,18.22178798241330
Guinea-Bissau,624,2019,18.22178798241330
Guinea-Bissau,624,2020,18.22178798241330
Guinea-Bissau,624,2021,18.22178798241330
Guinea-Bissau,624,2022,18.22178798241330
Guinea-Bissau,624,2023,18.22178798241330
Honduras,340,2008,40.8
Honduras,340,2009,40.8
Honduras,340,2010,40.8
Honduras,340,2011,40.8
Honduras,340,2012,40.8
Honduras,340,2013,40.8
Honduras,340,2014,40.8
Honduras,340,2015,40.8
Honduras,340,2016,40.8
Hungary,348,2000,0.0
Hungary,348,2001,0.0
Hungary,348,2002,0.0
Hungary,348,2003,0.0
Hungary,348,2004,0.0
Hungary,348,2005,0.0
Hungary,348,2006,0.0
Hungary,348,2007,0.0
Hungary,348,2008,0.0
Hungary,348,2009,0.0
Hungary,348,2010,0.0
Hungary,348,2011,0.0
Hungary,348,2012,0.0
Hungary,348,2013,0.0
Hungary,348,2014,0.0
Hungary,348,2015,0.0
Hungary,348,2016,0.0
Hungary,348,2017,0.0
Hungary,348,2018,0.0
Hungary,348,2019,0.0
Hungary,348,2020,0.0
Hungary,348,2021,0.0
Hungary,348,2022,0.0
Hungary,348,2023,0.0
India,356,2011,81.78228147537990
India,356,2012,74.28436000453440
India,356,2013,66.78643853369070
India,356,2014,59.28851706284510
India,356,2015,51.79059559199960
India,356,2016,44.29267412115590
India,356,2017,36.79475265031030
India,356,2018,29.29683117946660
India,356,2019,24.556242
India,356,2020,24.556242
India,356,2021,24.556242
India,356,2022,24.556242
India,356,2023,24.556242
Indonesia,360,2011,31.26329852869040
Indonesia,360,2012,31.26329852869040
Indonesia,360,2013,31.26329852869040
Indonesia,360,2014,31.26329852869040
Indonesia,360,2015,31.26329852869040
Indonesia,360,2016,31.26329852869040
Indonesia,360,2017,31.26329852869040
Indonesia,360,2018,31.26329852869040
Indonesia,360,2019,31.26329852869040
Indonesia,360,2020,31.26329852869040
Indonesia,360,2021,31.26329852869040
Indonesia,360,2022,31.26329852869040
Indonesia,360,2023,31.26329852869040
"Iran, Islamic Republic of",364,2006,4.294903365420480
"Iran, Islamic Republic of",364,2007,4.294903365420480
"Iran, Islamic Republic of",364,2008,4.294903365420480
"Iran, Islamic Republic of",364,2009,4.294903365420480
"Iran, Islamic Republic of",364,2010,4.294903365420480
"Iran, Islamic Republic of",364,2011,4.147451682710230
"Iran, Islamic Republic of",364,2012,3.999999999999970
"Iran, Islamic Republic of",364,2013,3.852548317289720
"Iran, Islamic Republic of",364,2014,3.705096634579520
"Iran, Islamic Republic of",364,2015,3.557644951869260
"Iran, Islamic Republic of",364,2016,3.410193269159010
"Iran, Islamic Republic of",364,2017,3.262741586448760
"Iran, Islamic Republic of",364,2018,3.1152899037385
"Iran, Islamic Republic of",364,2019,3.1152899037385
"Iran, Islamic Republic of",364,2020,3.1152899037385
"Iran, Islamic Republic of",364,2021,3.1152899037385
"Iran, Islamic Republic of",364,2022,3.1152899037385
Iraq,368,2015,11.7316305108467
Iraq,368,2016,11.7316305108467
Iraq,368,2017,11.7316305108467
Iraq,368,2018,11.7316305108467
Iraq,368,2019,11.7316305108467
Iraq,368,2020,11.7316305108467
Iraq,368,2021,11.7316305108467
Iraq,368,2022,11.7316305108467
Iraq,368,2023,11.7316305108467
Israel,376,2000,0.0
Israel,376,2001,0.0
Israel,376,2002,0.0
Israel,376,2003,0.0
Israel,376,2004,0.0
Israel,376,2005,0.0
Israel,376,2006,0.0
Israel,376,2007,0.0
Israel,376,2008,0.0
Israel,376,2009,0.0
Israel,376,2010,0.0
Israel,376,2011,0.0
Israel,376,2012,0.0
Israel,376,2013,0.0
Israel,376,2014,0.0
Israel,376,2015,0.0
Israel,376,2016,0.0
Israel,376,2017,0.0
Israel,376,2018,0.0
Israel,376,2019,0.0
Israel,376,2020,0.0
Israel,376,2021,0.0
Israel,376,2022,0.0
Israel,376,2023,0.0
Italy,380,2000,0.0
Italy,380,2001,0.0
Italy,380,2002,0.0
Italy,380,2003,0.0
Italy,380,2004,0.0
Italy,380,2005,0.0
Italy,380,2006,0.0
Italy,380,2007,0.0
Italy,380,2008,0.0
Italy,380,2009,0.0
Italy,380,2010,0.0
Italy,380,2011,0.0
Italy,380,2012,0.0
Italy,380,2013,0.0
Italy,380,2014,0.0
Italy,380,2015,0.0
Italy,380,2016,0.0
Italy,380,2017,0.0
Italy,380,2018,0.0
Italy,380,2019,0.0
Italy,380,2020,0.0
Italy,380,2021,0.0
Italy,380,2022,0.0
Italy,380,2023,0.0
Jamaica,388,2000,0.0
Jamaica,388,2001,0.0
Jamaica,388,2002,0.0
Jamaica,388,2003,0.0
Jamaica,388,2004,0.0
Jamaica,388,2005,0.0
Jamaica,388,2006,0.0
Jamaica,388,2007,0.0
Jamaica,388,2008,0.0
Jamaica,388,2009,0.0
Jamaica,388,2010,0.0
Jamaica,388,2011,0.0
Jamaica,388,2012,0.0
Jamaica,388,2013,0.0
Jamaica,388,2014,0.0
Jamaica,388,2015,0.0
Jamaica,388,2016,0.0
Jamaica,388,2017,0.0
Jamaica,388,2018,0.0
Jamaica,388,2019,0.0
Jamaica,388,2020,0.0
Jamaica,388,2021,0.0
Jamaica,388,2022,0.0
Jamaica,388,2023,0.0
Kiribati,296,2015,6.223333333333340
Kiribati,296,2016,6.223333333333340
Kiribati,296,2017,6.223333333333340
Kiribati,296,2018,6.223333333333340
Kiribati,296,2019,6.223333333333340
Kiribati,296,2020,6.223333333333340
Kiribati,296,2021,6.223333333333340
Kiribati,296,2022,6.223333333333340
Kiribati,296,2023,6.223333333333340
Kuwait,414,2000,0.0
Kuwait,414,2001,0.0
Kuwait,414,2002,0.0
Kuwait,414,2003,0.0
Kuwait,414,2004,0.0
Kuwait,414,2005,0.0
Kuwait,414,2006,0.0
Kuwait,414,2007,0.0
Kuwait,414,2008,0.0
Kuwait,414,2009,0.0
Kuwait,414,2010,0.0
Kuwait,414,2011,0.0
Kuwait,414,2012,0.0
Kuwait,414,2013,0.0
Kuwait,414,2014,0.0
Kuwait,414,2015,0.0
Kuwait,414,2016,0.0
Kuwait,414,2017,0.0
Kuwait,414,2018,0.0
Kuwait,414,2019,0.0
Kuwait,414,2020,0.0
Kuwait,414,2021,0.0
Kuwait,414,2022,0.0
Kuwait,414,2023,0.0
Lao People's Democratic Republic,418,2017,39.62664928108260
Lao People's Democratic Republic,418,2018,39.62664928108260
Lao People's Democratic Republic,418,2019,39.62664928108260
Lao People's Democratic Republic,418,2020,39.62664928108260
Lao People's Democratic Republic,418,2021,39.62664928108260
Lao People's Democratic Republic,418,2022,39.62664928108260
Lao People's Democratic Republic,418,2023,39.62664928108260
Latvia,428,2000,0.0
Latvia,428,2001,0.0
Latvia,428,2002,0.0
Latvia,428,2003,0.0
Latvia,428,2004,0.0
Latvia,428,2005,0.0
Latvia,428,2006,0.0
Latvia,428,2007,0.0
Latvia,428,2008,0.0
Latvia,428,2009,0.0
Latvia,428,2010,0.0
Latvia,428,2011,0.0
Latvia,428,2012,0.0
Latvia,428,2013,0.0
Latvia,428,2014,0.0
Latvia,428,2015,0.0
Latvia,428,2016,0.0
Latvia,428,2017,0.0
Latvia,428,2018,0.0
Latvia,428,2019,0.0
Latvia,428,2020,0.0
Latvia,428,2021,0.0
Latvia,428,2022,0.0
Latvia,428,2023,0.0
Lebanon,422,2013,4.200000000000000
Lebanon,422,2014,4.200000000000000
Lebanon,422,2015,4.200000000000000
Lebanon,422,2016,4.200000000000000
Lebanon,422,2017,4.200000000000000
Lebanon,422,2018,4.200000000000000
Lebanon,422,2019,4.200000000000000
Lebanon,422,2020,4.200000000000000
Lebanon,422,2021,4.200000000000000
Liberia,430,2012,14.61877
Liberia,430,2013,14.61877
Liberia,430,2014,14.61877
Liberia,430,2015,14.61877
Liberia,430,2016,14.61877
Liberia,430,2017,14.61877
Liberia,430,2018,14.61877
Liberia,430,2019,14.61877
Liberia,430,2020,14.61877
Libyan Arab Jamahiriya,434,2013,5.0
Libyan Arab Jamahiriya,434,2014,5.0
Libyan Arab Jamahiriya,434,2015,5.0
Libyan Arab Jamahiriya,434,2016,5.0
Libyan Arab Jamahiriya,434,2017,5.0
Libyan Arab Jamahiriya,434,2018,5.0
Libyan Arab Jamahiriya,434,2019,5.0
Libyan Arab Jamahiriya,434,2020,5.0
Libyan Arab Jamahiriya,434,2021,5.0
Lithuania,440,2000,0.0
Lithuania,440,2001,0.0
Lithuania,440,2002,0.0
Lithuania,440,2003,0.0
Lithuania,440,2004,0.0
Lithuania,440,2005,0.0
Lithuania,440,2006,0.0
Lithuania,440,2007,0.0
Lithuania,440,2008,0.0
Lithuania,440,2009,0.0
Lithuania,440,2010,0.0
Lithuania,440,2011,0.0
Lithuania,440,2012,0.0
Lithuania,440,2013,0.0
Lithuania,440,2014,0.0
Lithuania,440,2015,0.0
Lithuania,440,2016,0.0
Lithuania,440,2017,0.0
Lithuania,440,2018,0.0
Lithuania,440,2019,0.0
Lithuania,440,2020,0.0
Lithuania,440,2021,0.0
Lithuania,440,2022,0.0
Lithuania,440,2023,0.0
Luxembourg,442,2000,0.0
Luxembourg,442,2001,0.0
Luxembourg,442,2002,0.0
Luxembourg,442,2003,0.0
Luxembourg,442,2004,0.0
Luxembourg,442,2005,0.0
Luxembourg,442,2006,0.0
Luxembourg,442,2007,0.0
Luxembourg,442,2008,0.0
Luxembourg,442,2009,0.0
Luxembourg,442,2010,0.0
Luxembourg,442,2011,0.0
Luxembourg,442,2012,0.0
Luxembourg,442,2013,0.0
Luxembourg,442,2014,0.0
Luxembourg,442,2015,0.0
Luxembourg,442,2016,0.0
Luxembourg,442,2017,0.0
Luxembourg,442,2018,0.0
Luxembourg,442,2019,0.0
Luxembourg,442,2020,0.0
Luxembourg,442,2021,0.0
Luxembourg,442,2022,0.0
Luxembourg,442,2023,0.0
Madagascar,450,2016,50.2320240177968
Madagascar,450,2017,50.2320240177968
Madagascar,450,2018,50.2320240177968
Madagascar,450,2019,50.2320240177968
Madagascar,450,2020,50.2320240177968
Madagascar,450,2021,50.2320240177968
Madagascar,450,2022,50.2320240177968
Madagascar,450,2023,50.2320240177968
Malawi,454,2013,76.47059
Malawi,454,2014,76.47059
Malawi,454,2015,76.47059
Malawi,454,2016,76.47059
Malawi,454,2017,76.47059
Malawi,454,2018,76.47059
Malawi,454,2019,76.47059
Malawi,454,2020,76.47059
Malawi,454,2021,76.47059
Malaysia,458,2000,0.0
Malaysia,458,2001,0.0
Malaysia,458,2002,0.0
Malaysia,458,2003,0.0
Malaysia,458,2004,0.0
Malaysia,458,2005,0.0
Malaysia,458,2006,0.0
Malaysia,458,2007,0.0
Malaysia,458,2008,0.0
Malaysia,458,2009,0.0
Malaysia,458,2010,0.0
Malaysia,458,2011,0.0
Malaysia,458,2012,0.0
Malaysia,458,2013,0.0
Malaysia,458,2014,0.0
Malaysia,458,2015,0.0
Malaysia,458,2016,0.0
Malaysia,458,2017,0.0
Malaysia,458,2018,0.0
Malaysia,458,2019,0.0
Malaysia,458,2020,0.0
Malaysia,458,2021,0.0
Malaysia,458,2022,0.0
Malaysia,458,2023,0.0
Maldives,462,2014,18.0
Maldives,462,2015,18.0
Maldives,462,2016,18.0
Maldives,462,2017,18.0
Maldives,462,2018,18.0
Maldives,462,2019,18.0
Maldives,462,2020,18.0
Maldives,462,2021,18.0
Maldives,462,2022,18.0
Mali,466,2013,19.00684931506850
Mali,466,2014,19.00684931506850
Mali,466,2015,19.00684931506850
Mali,466,2016,19.00684931506850
Mali,466,2017,19.00684931506850
Mali,466,2018,19.00684931506850
Mali,466,2019,19.00684931506850
Mali,466,2020,19.00684931506850
Mali,466,2021,19.00684931506850
Malta,470,2000,0.0
Malta,470,2001,0.0
Malta,470,2002,0.0
Malta,470,2003,0.0
Malta,470,2004,0.0
Malta,470,2005,0.0
Malta,470,2006,0.0
Malta,470,2007,0.0
Malta,470,2008,0.0
Malta,470,2009,0.0
Malta,470,2010,0.0
Malta,470,2011,0.0
Malta,470,2012,0.0
Malta,470,2013,0.0
Malta,470,2014,0.0
Malta,470,2015,0.0
Malta,470,2016,0.0
Malta,470,2017,0.0
Malta,470,2018,0.0
Malta,470,2019,0.0
Malta,470,2020,0.0
Malta,470,2021,0.0
Malta,470,2022,0.0
Malta,470,2023,0.0
Mexico,484,2008,16.8658356152782
Mexico,484,2009,16.8658356152782
Mexico,484,2010,16.8658356152782
Mexico,484,2011,16.8658356152782
Mexico,484,2012,16.8658356152782
Mexico,484,2013,16.8658356152782
Mexico,484,2014,16.8658356152782
Mexico,484,2015,16.8658356152782
Mexico,484,2016,16.8658356152782
Mexico,484,2017,16.8658356152782
Mexico,484,2018,16.8658356152782
Mexico,484,2019,16.8658356152782
Mexico,484,2020,16.8658356152782
"Micronesia, Federated States of",583,2019,18.36735
"Micronesia, Federated States of",583,2020,18.36735
"Micronesia, Federated States of",583,2021,18.36735
"Micronesia, Federated States of",583,2022,18.36735
"Micronesia, Federated States of",583,2023,18.36735
Monaco,492,2000,0.0
Monaco,492,2001,0.0
Monaco,492,2002,0.0
Monaco,492,2003,0.0
Monaco,492,2004,0.0
Monaco,492,2005,0.0
Monaco,492,2006,0.0
Monaco,492,2007,0.0
Monaco,492,2008,0.0
Monaco,492,2009,0.0
Monaco,492,2010,0.0
Monaco,492,2011,0.0
Monaco,492,2012,0.0
Monaco,492,2013,0.0
Monaco,492,2014,0.0
Monaco,492,2015,0.0
Monaco,492,2016,0.0
Monaco,492,2017,0.0
Monaco,492,2018,0.0
Monaco,492,2019,0.0
Monaco,492,2020,0.0
Monaco,492,2021,0.0
Monaco,492,2022,0.0
Monaco,492,2023,0.0
Mongolia,496,2013,22.7
Mongolia,496,2014,22.7
Mongolia,496,2015,22.7
Mongolia,496,2016,22.7
Mongolia,496,2017,22.7
Mongolia,496,2018,22.7
Mongolia,496,2019,22.7
Mongolia,496,2020,22.7
Mongolia,496,2021,22.7
Montserrat,500,2000,0.0
Montserrat,500,2001,0.0
Montserrat,500,2002,0.0
Montserrat,500,2003,0.0
Montserrat,500,2004,0.0
Montserrat,500,2005,0.0
Montserrat,500,2006,0.0
Montserrat,500,2007,0.0
Montserrat,500,2008,0.0
Montserrat,500,2009,0.0
Montserrat,500,2010,0.0
Montserrat,500,2011,0.0
Montserrat,500,2012,0.0
Montserrat,500,2013,0.0
Montserrat,500,2014,0.0
Montserrat,500,2015,0.0
Montserrat,500,2016,0.0
Montserrat,500,2017,0.0
Montserrat,500,2018,0.0
Montserrat,500,2019,0.0
Montserrat,500,2020,0.0
Montserrat,500,2021,0.0
Montserrat,500,2022,0.0
Montserrat,500,2023,0.0
Namibia,516,2009,64.39169139465880
Namibia,516,2010,64.39169139465880
Namibia,516,2011,64.39169139465880
Namibia,516,2012,64.39169139465880
Namibia,516,2013,64.39169139465880
Namibia,516,2014,64.39169139465880
Namibia,516,2015,64.39169139465880
Namibia,516,2016,64.39169139465880
Namibia,516,2017,64.39169139465880
Nauru,520,2000,0.0
Nauru,520,2001,0.0
Nauru,520,2002,0.0
Nauru,520,2003,0.0
Nauru,520,2004,0.0
Nauru,520,2005,0.0
Nauru,520,2006,0.0
Nauru,520,2007,0.0
Nauru,520,2008,0.0
Nauru,520,2009,0.0
Nauru,520,2010,0.0
Nauru,520,2011,0.0
Nauru,520,2012,0.0
Nauru,520,2013,0.0
Nauru,520,2014,0.0
Nauru,520,2015,0.0
Nauru,520,2016,0.0
Nauru,520,2017,0.0
Nauru,520,2018,0.0
Nauru,520,2019,0.0
Nauru,520,2020,0.0
Nauru,520,2021,0.0
Nauru,520,2022,0.0
Nauru,520,2023,0.0
Netherlands,528,2000,0.0
Netherlands,528,2001,0.0
Netherlands,528,2002,0.0
Netherlands,528,2003,0.0
Netherlands,528,2004,0.0
Netherlands,528,2005,0.0
Netherlands,528,2006,0.0
Netherlands,528,2007,0.0
Netherlands,528,2008,0.0
Netherlands,528,2009,0.0
Netherlands,528,2010,0.0
Netherlands,528,2011,0.0
Netherlands,528,2012,0.0
Netherlands,528,2013,0.0
Netherlands,528,2014,0.0
Netherlands,528,2015,0.0
Netherlands,528,2016,0.0
Netherlands,528,2017,0.0
Netherlands,528,2018,0.0
Netherlands,528,2019,0.0
Netherlands,528,2020,0.0
Netherlands,528,2021,0.0
Netherlands,528,2022,0.0
Netherlands,528,2023,0.0
Niger,562,2015,58.23029500342040
Niger,562,2016,58.23029500342040
Niger,562,2017,58.23029500342040
Niger,562,2018,58.23029500342040
Niger,562,2019,58.23029500342040
Niger,562,2020,58.23029500342040
Niger,562,2021,58.23029500342040
Niger,562,2022,58.23029500342040
Niger,562,2023,58.23029500342040
Nigeria,566,2012,64.71357
Nigeria,566,2013,64.71357
Nigeria,566,2014,64.71357
Nigeria,566,2015,64.71357
Nigeria,566,2016,64.71357
Nigeria,566,2017,64.71357
Nigeria,566,2018,64.71357
Nigeria,566,2019,64.71357
Nigeria,566,2020,64.71357
Nigeria,566,2021,64.71357
Nigeria,566,2022,64.71357
Nigeria,566,2023,64.71357
Niue,570,2000,0.0
Niue,570,2001,0.0
Niue,570,2002,0.0
Niue,570,2003,0.0
Niue,570,2004,0.0
Niue,570,2005,0.0
Niue,570,2006,0.0
Niue,570,2007,0.0
Niue,570,2008,0.0
Niue,570,2009,0.0
Niue,570,2010,0.0
Niue,570,2011,0.0
Niue,570,2012,0.0
Niue,570,2013,0.0
Niue,570,2014,0.0
Niue,570,2015,0.0
Niue,570,2016,0.0
Niue,570,2017,0.0
Niue,570,2018,0.0
Niue,570,2019,0.0
Niue,570,2020,0.0
Niue,570,2021,0.0
Niue,570,2022,0.0
Niue,570,2023,0.0
Norway,578,2000,0.0
Norway,578,2001,0.0
Norway,578,2002,0.0
Norway,578,2003,0.0
Norway,578,2004,0.0
Norway,578,2005,0.0
Norway,578,2006,0.0
Norway,578,2007,0.0
Norway,578,2008,0.0
Norway,578,2009,0.0
Norway,578,2010,0.0
Norway,578,2011,0.0
Norway,578,2012,0.0
Norway,578,2013,0.0
Norway,578,2014,0.0
Norway,578,2015,0.0
Norway,578,2016,0.0
Norway,578,2017,0.0
Norway,578,2018,0.0
Norway,578,2019,0.0
Norway,578,2020,0.0
Norway,578,2021,0.0
Norway,578,2022,0.0
Norway,578,2023,0.0
Oman,512,2000,0.0
Oman,512,2001,0.0
Oman,512,2002,0.0
Oman,512,2003,0.0
Oman,512,2004,0.0
Oman,512,2005,0.0
Oman,512,2006,0.0
Oman,512,2007,0.0
Oman,512,2008,0.0
Oman,512,2009,0.0
Oman,512,2010,0.0
Oman,512,2011,0.0
Oman,512,2012,0.0
Oman,512,2013,0.0
Oman,512,2014,0.0
Oman,512,2015,0.0
Oman,512,2016,0.0
Oman,512,2017,0.0
Oman,512,2018,0.0
Oman,512,2019,0.0
Oman,512,2020,0.0
Oman,512,2021,0.0
Oman,512,2022,0.0
Oman,512,2023,0.0
Palau,585,2017,16.66666666666670
Palau,585,2018,16.66666666666670
Palau,585,2019,16.66666666666670
Palau,585,2020,16.66666666666670
Palau,585,2021,16.66666666666670
Palau,585,2022,16.66666666666670
Palau,585,2023,16.66666666666670
Panama,591,2014,42.51380747470980
Panama,591,2015,42.51380747470980
Panama,591,2016,42.51380747470980
Panama,591,2017,42.51380747470980
Panama,591,2018,42.51380747470980
Panama,591,2019,42.51380747470980
Panama,591,2020,42.51380747470980
Panama,591,2021,42.51380747470980
Panama,591,2022,42.51380747470980
Panama,591,2023,42.51380747470980
Papua New Guinea,598,2010,45.57671
Papua New Guinea,598,2011,45.57671
Papua New Guinea,598,2012,45.57671
Papua New Guinea,598,2013,45.57671
Papua New Guinea,598,2014,45.57671
Papua New Guinea,598,2015,45.57671
Papua New Guinea,598,2016,45.57671
Papua New Guinea,598,2017,45.57671
Papua New Guinea,598,2018,45.57671
Papua New Guinea,598,2019,45.57671
Papua New Guinea,598,2020,45.57671
Papua New Guinea,598,2021,45.57671
Papua New Guinea,598,2022,45.57671
Papua New Guinea,598,2023,45.57671
Peru,604,2004,31.47605436363640
Peru,604,2005,31.47605436363640
Peru,604,2006,31.47605436363640
Peru,604,2007,31.47605436363640
Peru,604,2008,31.47605436363640
Peru,604,2009,30.91449059090930
Peru,604,2010,30.35292681818190
Peru,604,2011,29.79136304545480
Peru,604,2012,29.2297992727274
Peru,604,2013,28.66823550000000
Peru,604,2014,28.1066717272729
Peru,604,2015,27.54510795454550
Peru,604,2016,26.98354418181840
Peru,604,2017,26.42198040909100
Peru,604,2018,25.86041663636390
Peru,604,2019,25.29885286363650
Peru,604,2020,24.73728909090910
Peru,604,2021,24.175725318182
Peru,604,2022,23.61416154545460
Peru,604,2023,23.05259777272750
Philippines,608,2010,49.00218052421310
Philippines,608,2011,49.00218052421310
Philippines,608,2012,49.00218052421310
Philippines,608,2013,49.00218052421310
Philippines,608,2014,49.00218052421310
Philippines,608,2015,45.18755509977750
Philippines,608,2016,41.37292967534180
Philippines,608,2017,37.55830425090700
Philippines,608,2018,33.7436788264713
Philippines,608,2019,29.92905340203650
Philippines,608,2020,26.11442797760080
Philippines,608,2021,22.29980255316510
Philippines,608,2022,18.48517712873040
Philippines,608,2023,14.67055170429470
Poland,616,2000,0.0
Poland,616,2001,0.0
Poland,616,2002,0.0
Poland,616,2003,0.0
Poland,616,2004,0.0
Poland,616,2005,0.0
Poland,616,2006,0.0
Poland,616,2007,0.0
Poland,616,2008,0.0
Poland,616,2009,0.0
Poland,616,2010,0.0
Poland,616,2011,0.0
Poland,616,2012,0.0
Poland,616,2013,0.0
Poland,616,2014,0.0
Poland,616,2015,0.0
Poland,616,2016,0.0
Poland,616,2017,0.0
Poland,616,2018,0.0
Poland,616,2019,0.0
Poland,616,2020,0.0
Poland,616,2021,0.0
Poland,616,2022,0.0
Poland,616,2023,0.0
Portugal,620,2000,0.0
Portugal,620,2001,0.0
Portugal,620,2002,0.0
Portugal,620,2003,0.0
Portugal,620,2004,0.0
Portugal,620,2005,0.0
Portugal,620,2006,0.0
Portugal,620,2007,0.0
Portugal,620,2008,0.0
Portugal,620,2009,0.0
Portugal,620,2010,0.0
Portugal,620,2011,0.0
Portugal,620,2012,0.0
Portugal,620,2013,0.0
Portugal,620,2014,0.0
Portugal,620,2015,0.0
Portugal,620,2016,0.0
Portugal,620,2017,0.0
Portugal,620,2018,0.0
Portugal,620,2019,0.0
Portugal,620,2020,0.0
Portugal,620,2021,0.0
Portugal,620,2022,0.0
Portugal,620,2023,0.0
Qatar,634,2000,0.0
Qatar,634,2001,0.0
Qatar,634,2002,0.0
Qatar,634,2003,0.0
Qatar,634,2004,0.0
Qatar,634,2005,0.0
Qatar,634,2006,0.0
Qatar,634,2007,0.0
Qatar,634,2008,0.0
Qatar,634,2009,0.0
Qatar,634,2010,0.0
Qatar,634,2011,0.0
Qatar,634,2012,0.0
Qatar,634,2013,0.0
Qatar,634,2014,0.0
Qatar,634,2015,0.0
Qatar,634,2016,0.0
Qatar,634,2017,0.0
Qatar,634,2018,0.0
Qatar,634,2019,0.0
Qatar,634,2020,0.0
Qatar,634,2021,0.0
Qatar,634,2022,0.0
Qatar,634,2023,0.0
South Korea,410,2000,0.0
South Korea,410,2001,0.0
South Korea,410,2002,0.0
South Korea,410,2003,0.0
South Korea,410,2004,0.0
South Korea,410,2005,0.0
South Korea,410,2006,0.0
South Korea,410,2007,0.0
South Korea,410,2008,0.0
South Korea,410,2009,0.0
South Korea,410,2010,0.0
South Korea,410,2011,0.0
South Korea,410,2012,0.0
South Korea,410,2013,0.0
South Korea,410,2014,0.0
South Korea,410,2015,0.0
South Korea,410,2016,0.0
South Korea,410,2017,0.0
South Korea,410,2018,0.0
South Korea,410,2019,0.0
South Korea,410,2020,0.0
South Korea,410,2021,0.0
South Korea,410,2022,0.0
South Korea,410,2023,0.0
"Moldova, Republic of",498,2004,13.38330555598800
"Moldova, Republic of",498,2005,13.38330555598800
"Moldova, Republic of",498,2006,13.38330555598800
"Moldova, Republic of",498,2007,13.38330555598800
"Moldova, Republic of",498,2008,13.38330555598800
"Moldova, Republic of",498,2009,12.20584601485920
"Moldova, Republic of",498,2010,11.02838647373070
"Moldova, Republic of",498,2011,9.850926932602310
"Moldova, Republic of",498,2012,8.673467391473420
"Moldova, Republic of",498,2013,7.496007850345000
"Moldova, Republic of",498,2014,6.318548309216110
"Moldova, Republic of",498,2015,5.141088768087680
"Moldova, Republic of",498,2016,3.963629226958800
"Moldova, Republic of",498,2017,2.786169685830370
"Moldova, Republic of",498,2018,1.60871014470149
"Moldova, Republic of",498,2019,0.4312506035730620
"Moldova, Republic of",498,2020,0.0
"Moldova, Republic of",498,2021,0.0
"Moldova, Republic of",498,2022,0.0
"Moldova, Republic of",498,2023,0.0
Rwanda,646,2011,57.69803834516280
Rwanda,646,2012,57.69803834516280
Rwanda,646,2013,57.69803834516280
Rwanda,646,2014,57.69803834516280
Rwanda,646,2015,57.69803834516280
Rwanda,646,2016,49.61987185637740
Rwanda,646,2017,41.54170536759380
Rwanda,646,2018,33.46353887880830
Rwanda,646,2019,25.38537239002290
Rwanda,646,2020,17.30720590123750
Rwanda,646,2021,9.229039412453860
Rwanda,646,2022,1.15087292366843
Rwanda,646,2023,0.0
Saint Kitts and Nevis,659,2000,0.0
Saint Kitts and Nevis,659,2001,0.0
Saint Kitts and Nevis,659,2002,0.0
Saint Kitts and Nevis,659,2003,0.0
Saint Kitts and Nevis,659,2004,0.0
Saint Kitts and Nevis,659,2005,0.0
Saint Kitts and Nevis,659,2006,0.0
Saint Kitts and Nevis,659,2007,0.0
Saint Kitts and Nevis,659,2008,0.0
Saint Kitts and Nevis,659,2009,0.0
Saint Kitts and Nevis,659,2010,0.0
Saint Kitts and Nevis,659,2011,0.0
Saint Kitts and Nevis,659,2012,0.0
Saint Kitts and Nevis,659,2013,0.0
Saint Kitts and Nevis,659,2014,0.0
Saint Kitts and Nevis,659,2015,0.0
Saint Kitts and Nevis,659,2016,0.0
Saint Kitts and Nevis,659,2017,0.0
Saint Kitts and Nevis,659,2018,0.0
Saint Kitts and Nevis,659,2019,0.0
Saint Kitts and Nevis,659,2020,0.0
Saint Kitts and Nevis,659,2021,0.0
Saint Kitts and Nevis,659,2022,0.0
Saint Kitts and Nevis,659,2023,0.0
Saint Lucia,662,2000,0.0
Saint Lucia,662,2001,0.0
Saint Lucia,662,2002,0.0
Saint Lucia,662,2003,0.0
Saint Lucia,662,2004,0.0
Saint Lucia,662,2005,0.0
Saint Lucia,662,2006,0.0
Saint Lucia,662,2007,0.0
Saint Lucia,662,2008,0.0
Saint Lucia,662,2009,0.0
Saint Lucia,662,2010,0.0
Saint Lucia,662,2011,0.0
Saint Lucia,662,2012,0.0
Saint Lucia,662,2013,0.0
Saint Lucia,662,2014,0.0
Saint Lucia,662,2015,0.0
Saint Lucia,662,2016,0.0
Saint Lucia,662,2017,0.0
Saint Lucia,662,2018,0.0
Saint Lucia,662,2019,0.0
Saint Lucia,662,2020,0.0
Saint Lucia,662,2021,0.0
Saint Lucia,662,2022,0.0
Saint Lucia,662,2023,0.0
St. Vincent and the Grenadines,670,2000,0.0
St. Vincent and the Grenadines,670,2001,0.0
St. Vincent and the Grenadines,670,2002,0.0
St. Vincent and the Grenadines,670,2003,0.0
St. Vincent and the Grenadines,670,2004,0.0
St. Vincent and the Grenadines,670,2005,0.0
St. Vincent and the Grenadines,670,2006,0.0
St. Vincent and the Grenadines,670,2007,0.0
St. Vincent and the Grenadines,670,2008,0.0
St. Vincent and the Grenadines,670,2009,0.0
St. Vincent and the Grenadines,670,2010,0.0
St. Vincent and the Grenadines,670,2011,0.0
St. Vincent and the Grenadines,670,2012,0.0
St. Vincent and the Grenadines,670,2013,0.0
St. Vincent and the Grenadines,670,2014,0.0
St. Vincent and the Grenadines,670,2015,0.0
St. Vincent and the Grenadines,670,2016,0.0
St. Vincent and the Grenadines,670,2017,0.0
St. Vincent and the Grenadines,670,2018,0.0
St. Vincent and the Grenadines,670,2019,0.0
St. Vincent and the Grenadines,670,2020,0.0
St. Vincent and the Grenadines,670,2021,0.0
St. Vincent and the Grenadines,670,2022,0.0
St. Vincent and the Grenadines,670,2023,0.0
Samoa,882,2000,0.0
Samoa,882,2001,0.0
Samoa,882,2002,0.0
Samoa,882,2003,0.0
Samoa,882,2004,0.0
Samoa,882,2005,0.0
Samoa,882,2006,0.0
Samoa,882,2007,0.0
Samoa,882,2008,0.0
Samoa,882,2009,0.0
Samoa,882,2010,0.0
Samoa,882,2011,0.0
Samoa,882,2012,0.0
Samoa,882,2013,0.0
Samoa,882,2014,0.0
Samoa,882,2015,0.0
Samoa,882,2016,0.0
Samoa,882,2017,0.0
Samoa,882,2018,0.0
Samoa,882,2019,0.0
Samoa,882,2020,0.0
Samoa,882,2021,0.0
Samoa,882,2022,0.0
Samoa,882,2023,0.0
San Marino,674,2000,0.0
San Marino,674,2001,0.0
San Marino,674,2002,0.0
San Marino,674,2003,0.0
San Marino,674,2004,0.0
San Marino,674,2005,0.0
San Marino,674,2006,0.0
San Marino,674,2007,0.0
San Marino,674,2008,0.0
San Marino,674,2009,0.0
San Marino,674,2010,0.0
San Marino,674,2011,0.0
San Marino,674,2012,0.0
San Marino,674,2013,0.0
San Marino,674,2014,0.0
San Marino,674,2015,0.0
San Marino,674,2016,0.0
San Marino,674,2017,0.0
San Marino,674,2018,0.0
San Marino,674,2019,0.0
San Marino,674,2020,0.0
San Marino,674,2021,0.0
San Marino,674,2022,0.0
San Marino,674,2023,0.0
Sao Tome and Principe,678,2013,10.31542901960780
Sao Tome and Principe,678,2014,10.31542901960780
Sao Tome and Principe,678,2015,10.31542901960780
Sao Tome and Principe,678,2016,10.31542901960780
Sao Tome and Principe,678,2017,10.31542901960780
Sao Tome and Principe,678,2018,10.31542901960780
Sao Tome and Principe,678,2019,10.31542901960780
Sao Tome and Principe,678,2020,10.31542901960780
Sao Tome and Principe,678,2021,10.31542901960780
Saudi Arabia,682,2000,0.0
Saudi Arabia,682,2001,0.0
Saudi Arabia,682,2002,0.0
Saudi Arabia,682,2003,0.0
Saudi Arabia,682,2004,0.0
Saudi Arabia,682,2005,0.0
Saudi Arabia,682,2006,0.0
Saudi Arabia,682,2007,0.0
Saudi Arabia,682,2008,0.0
Saudi Arabia,682,2009,0.0
Saudi Arabia,682,2010,0.0
Saudi Arabia,682,2011,0.0
Saudi Arabia,682,2012,0.0
Saudi Arabia,682,2013,0.0
Saudi Arabia,682,2014,0.0
Saudi Arabia,682,2015,0.0
Saudi Arabia,682,2016,0.0
Saudi Arabia,682,2017,0.0
Saudi Arabia,682,2018,0.0
Saudi Arabia,682,2019,0.0
Saudi Arabia,682,2020,0.0
Saudi Arabia,682,2021,0.0
Saudi Arabia,682,2022,0.0
Saudi Arabia,682,2023,0.0
Senegal,686,2012,80.70000000000070
Senegal,686,2013,80.70000000000070
Senegal,686,2014,80.70000000000070
Senegal,686,2015,80.70000000000070
Senegal,686,2016,80.70000000000070
Senegal,686,2017,76.10000000000040
Senegal,686,2018,71.5
Senegal,686,2019,66.89999999999960
Senegal,686,2020,62.29999999999930
Senegal,686,2021,57.70000000000070
Senegal,686,2022,53.10000000000040
Senegal,686,2023,48.50000000000000
Serbia,688,2014,1.050000000000000
Serbia,688,2015,1.050000000000000
Serbia,688,2016,1.050000000000000
Serbia,688,2017,1.050000000000000
Serbia,688,2018,1.050000000000000
Serbia,688,2019,1.050000000000000
Serbia,688,2020,1.050000000000000
Serbia,688,2021,1.050000000000000
Serbia,688,2022,1.050000000000000
Serbia,688,2023,1.050000000000000
Seychelles,690,2000,0.0
Seychelles,690,2001,0.0
Seychelles,690,2002,0.0
Seychelles,690,2003,0.0
Seychelles,690,2004,0.0
Seychelles,690,2005,0.0
Seychelles,690,2006,0.0
Seychelles,690,2007,0.0
Seychelles,690,2008,0.0
Seychelles,690,2009,0.0
Seychelles,690,2010,0.0
Seychelles,690,2011,0.0
Seychelles,690,2012,0.0
Seychelles,690,2013,0.0
Seychelles,690,2014,0.0
Seychelles,690,2015,0.0
Seychelles,690,2016,0.0
Seychelles,690,2017,0.0
Seychelles,690,2018,0.0
Seychelles,690,2019,0.0
Seychelles,690,2020,0.0
Seychelles,690,2021,0.0
Seychelles,690,2022,0.0
Seychelles,690,2023,0.0
Sierra Leone,694,2010,68.62572601811460
Sierra Leone,694,2011,68.62572601811460
Sierra Leone,694,2012,68.62572601811460
Sierra Leone,694,2013,68.62572601811460
Sierra Leone,694,2014,68.62572601811460
Sierra Leone,694,2015,66.27041017886860
Sierra Leone,694,2016,63.91509433962260
Sierra Leone,694,2017,61.55977850037650
Sierra Leone,694,2018,59.20446266113050
Sierra Leone,694,2019,56.84914682188450
Sierra Leone,694,2020,54.49383098263930
Sierra Leone,694,2021,52.13851514339330
Sierra Leone,694,2022,49.78319930414730
Sierra Leone,694,2023,47.42788346490120
Singapore,702,2000,0.0
Singapore,702,2001,0.0
Singapore,702,2002,0.0
Singapore,702,2003,0.0
Singapore,702,2004,0.0
Singapore,702,2005,0.0
Singapore,702,2006,0.0
Singapore,702,2007,0.0
Singapore,702,2008,0.0
Singapore,702,2009,0.0
Singapore,702,2010,0.0
Singapore,702,2011,0.0
Singapore,702,2012,0.0
Singapore,702,2013,0.0
Singapore,702,2014,0.0
Singapore,702,2015,0.0
Singapore,702,2016,0.0
Singapore,702,2017,0.0
Singapore,702,2018,0.0
Singapore,702,2019,0.0
Singapore,702,2020,0.0
Singapore,702,2021,0.0
Singapore,702,2022,0.0
Singapore,702,2023,0.0
Slovakia,703,2000,0.0
Slovakia,703,2001,0.0
Slovakia,703,2002,0.0
Slovakia,703,2003,0.0
Slovakia,703,2004,0.0
Slovakia,703,2005,0.0
Slovakia,703,2006,0.0
Slovakia,703,2007,0.0
Slovakia,703,2008,0.0
Slovakia,703,2009,0.0
Slovakia,703,2010,0.0
Slovakia,703,2011,0.0
Slovakia,703,2012,0.0
Slovakia,703,2013,0.0
Slovakia,703,2014,0.0
Slovakia,703,2015,0.0
Slovakia,703,2016,0.0
Slovakia,703,2017,0.0
Slovakia,703,2018,0.0
Slovakia,703,2019,0.0
Slovakia,703,2020,0.0
Slovakia,703,2021,0.0
Slovakia,703,2022,0.0
Slovakia,703,2023,0.0
Slovenia,705,2000,0.0
Slovenia,705,2001,0.0
Slovenia,705,2002,0.0
Slovenia,705,2003,0.0
Slovenia,705,2004,0.0
Slovenia,705,2005,0.0
Slovenia,705,2006,0.0
Slovenia,705,2007,0.0
Slovenia,705,2008,0.0
Slovenia,705,2009,0.0
Slovenia,705,2010,0.0
Slovenia,705,2011,0.0
Slovenia,705,2012,0.0
Slovenia,705,2013,0.0
Slovenia,705,2014,0.0
Slovenia,705,2015,0.0
Slovenia,705,2016,0.0
Slovenia,705,2017,0.0
Slovenia,705,2018,0.0
Slovenia,705,2019,0.0
Slovenia,705,2020,0.0
Slovenia,705,2021,0.0
Slovenia,705,2022,0.0
Slovenia,705,2023,0.0
Solomon Islands,90,2014,83.34919300666030
Solomon Islands,90,2015,83.34919300666030
Solomon Islands,90,2016,83.34919300666030
Solomon Islands,90,2017,83.34919300666030
Solomon Islands,90,2018,83.34919300666030
Solomon Islands,90,2019,83.34919300666030
Solomon Islands,90,2020,83.34919300666030
Solomon Islands,90,2021,83.34919300666030
Solomon Islands,90,2022,83.34919300666030
South Sudan,728,2014,80.4
South Sudan,728,2015,80.4
South Sudan,728,2016,80.4
South Sudan,728,2017,80.4
South Sudan,728,2018,80.4
South Sudan,728,2019,80.4
South Sudan,728,2020,80.4
South Sudan,728,2021,80.4
South Sudan,728,2022,80.4
Spain,724,2000,0.0
Spain,724,2001,0.0
Spain,724,2002,0.0
Spain,724,2003,0.0
Spain,724,2004,0.0
Spain,724,2005,0.0
Spain,724,2006,0.0
Spain,724,2007,0.0
Spain,724,2008,0.0
Spain,724,2009,0.0
Spain,724,2010,0.0
Spain,724,2011,0.0
Spain,724,2012,0.0
Spain,724,2013,0.0
Spain,724,2014,0.0
Spain,724,2015,0.0
Spain,724,2016,0.0
Spain,724,2017,0.0
Spain,724,2018,0.0
Spain,724,2019,0.0
Spain,724,2020,0.0
Spain,724,2021,0.0
Spain,724,2022,0.0
Spain,724,2023,0.0
Sri Lanka,144,2019,0.7406675883863300
Sri Lanka,144,2020,0.7406675883863300
Sri Lanka,144,2021,0.7406675883863300
Sri Lanka,144,2022,0.7406675883863300
Sri Lanka,144,2023,0.7406675883863300
"Palestinian Territory, Occupied",275,2005,4.222693320125420
"Palestinian Territory, Occupied",275,2006,4.222693320125420
"Palestinian Territory, Occupied",275,2007,4.222693320125420
"Palestinian Territory, Occupied",275,2008,4.222693320125420
"Palestinian Territory, Occupied",275,2009,4.222693320125420
"Palestinian Territory, Occupied",275,2010,3.998924603837570
"Palestinian Territory, Occupied",275,2011,3.775155887549720
"Palestinian Territory, Occupied",275,2012,3.551387171261870
"Palestinian Territory, Occupied",275,2013,3.327618454974020
"Palestinian Territory, Occupied",275,2014,3.103849738686170
"Palestinian Territory, Occupied",275,2015,2.880081022398320
"Palestinian Territory, Occupied",275,2016,2.656312306110470
"Palestinian Territory, Occupied",275,2017,2.432543589822620
"Palestinian Territory, Occupied",275,2018,2.208774873534770
"Palestinian Territory, Occupied",275,2019,1.985006157246910
"Palestinian Territory, Occupied",275,2020,1.761237440959060
"Palestinian Territory, Occupied",275,2021,1.537468724671210
"Palestinian Territory, Occupied",275,2022,1.313700008383360
"Palestinian Territory, Occupied",275,2023,1.089931292095510
Sudan,736,2010,75.04501800720290
Sudan,736,2011,75.04501800720290
Sudan,736,2012,75.04501800720290
Sudan,736,2013,75.04501800720290
Sudan,736,2014,75.04501800720290
Sudan,736,2015,75.02250900360140
Sudan,736,2016,75.0
Sudan,736,2017,74.97749099639860
Sudan,736,2018,74.95498199279710
Sudan,736,2019,74.93247298919570
Sudan,736,2020,74.90996398559420
Sudan,736,2021,74.88745498199280
Sudan,736,2022,74.86494597839140
Sudan,736,2023,74.86494597839140
Sweden,752,2000,0.0
Sweden,752,2001,0.0
Sweden,752,2002,0.0
Sweden,752,2003,0.0
Sweden,752,2004,0.0
Sweden,752,2005,0.0
Sweden,752,2006,0.0
Sweden,752,2007,0.0
Sweden,752,2008,0.0
Sweden,752,2009,0.0
Sweden,752,2010,0.0
Sweden,752,2011,0.0
Sweden,752,2012,0.0
Sweden,752,2013,0.0
Sweden,752,2014,0.0
Sweden,752,2015,0.0
Sweden,752,2016,0.0
Sweden,752,2017,0.0
Sweden,752,2018,0.0
Sweden,752,2019,0.0
Sweden,752,2020,0.0
Sweden,752,2021,0.0
Sweden,752,2022,0.0
Sweden,752,2023,0.0
Switzerland,756,2000,0.0
Switzerland,756,2001,0.0
Switzerland,756,2002,0.0
Switzerland,756,2003,0.0
Switzerland,756,2004,0.0
Switzerland,756,2005,0.0
Switzerland,756,2006,0.0
Switzerland,756,2007,0.0
Switzerland,756,2008,0.0
Switzerland,756,2009,0.0
Switzerland,756,2010,0.0
Switzerland,756,2011,0.0
Switzerland,756,2012,0.0
Switzerland,756,2013,0.0
Switzerland,756,2014,0.0
Switzerland,756,2015,0.0
Switzerland,756,2016,0.0
Switzerland,756,2017,0.0
Switzerland,756,2018,0.0
Switzerland,756,2019,0.0
Switzerland,756,2020,0.0
Switzerland,756,2021,0.0
Switzerland,756,2022,0.0
Switzerland,756,2023,0.0
Syrian Arab Republic,760,2014,51.62486099097990
Syrian Arab Republic,760,2015,51.62486099097990
Syrian Arab Republic,760,2016,51.62486099097990
Syrian Arab Republic,760,2017,51.62486099097990
Syrian Arab Republic,760,2018,51.62486099097990
Syrian Arab Republic,760,2019,51.62486099097990
Syrian Arab Republic,760,2020,51.62486099097990
Syrian Arab Republic,760,2021,51.62486099097990
Syrian Arab Republic,760,2022,51.62486099097990
Tajikistan,762,2013,61.4
Tajikistan,762,2014,61.4
Tajikistan,762,2015,61.4
Tajikistan,762,2016,61.4
Tajikistan,762,2017,61.4
Tajikistan,762,2018,61.4
Tajikistan,762,2019,61.4
Tajikistan,762,2020,61.4
Tajikistan,762,2021,61.4
Thailand,764,2000,0.0
Thailand,764,2001,0.0
Thailand,764,2002,0.0
Thailand,764,2003,0.0
Thailand,764,2004,0.0
Thailand,764,2005,0.0
Thailand,764,2006,0.0
Thailand,764,2007,0.0
Thailand,764,2008,0.0
Thailand,764,2009,0.0
Thailand,764,2010,0.0
Thailand,764,2011,0.0
Thailand,764,2012,0.0
Thailand,764,2013,0.0
Thailand,764,2014,0.0
Thailand,764,2015,0.0
Thailand,764,2016,0.0
Thailand,764,2017,0.0
Thailand,764,2018,0.0
Thailand,764,2019,0.0
Thailand,764,2020,0.0
Thailand,764,2021,0.0
Thailand,764,2022,0.0
Thailand,764,2023,0.0
Togo,768,2016,83.0
Togo,768,2017,83.0
Togo,768,2018,83.0
Togo,768,2019,83.0
Togo,768,2020,83.0
Togo,768,2021,83.0
Togo,768,2022,83.0
Togo,768,2023,83.0
Tokelau,772,2000,0.0
Tokelau,772,2001,0.0
Tokelau,772,2002,0.0
Tokelau,772,2003,0.0
Tokelau,772,2004,0.0
Tokelau,772,2005,0.0
Tokelau,772,2006,0.0
Tokelau,772,2007,0.0
Tokelau,772,2008,0.0
Tokelau,772,2009,0.0
Tokelau,772,2010,0.0
Tokelau,772,2011,0.0
Tokelau,772,2012,0.0
Tokelau,772,2013,0.0
Tokelau,772,2014,0.0
Tokelau,772,2015,0.0
Tokelau,772,2016,0.0
Tokelau,772,2017,0.0
Tokelau,772,2018,0.0
Tokelau,772,2019,0.0
Tokelau,772,2020,0.0
Tokelau,772,2021,0.0
Tokelau,772,2022,0.0
Tokelau,772,2023,0.0
Tunisia,788,2010,7.127501289378640
Tunisia,788,2011,7.127501289378640
Tunisia,788,2012,7.127501289378640
Tunisia,788,2013,7.127501289378640
Tunisia,788,2014,7.127501289378640
Tunisia,788,2015,6.388033405873780
Tunisia,788,2016,5.648565522368930
Tunisia,788,2017,4.909097638864070
Tunisia,788,2018,4.169629755359440
Tunisia,788,2019,3.43016187185458
Tunisia,788,2020,2.690693988349720
Tunisia,788,2021,1.951226104844860
Tunisia,788,2022,1.211758221340230
Tunisia,788,2023,0.4722903378353750
Turkmenistan,795,2000,0.0
Turkmenistan,795,2001,0.0
Turkmenistan,795,2002,0.0
Turkmenistan,795,2003,0.0
Turkmenistan,795,2004,0.0
Turkmenistan,795,2005,0.0
Turkmenistan,795,2006,0.0
Turkmenistan,795,2007,0.0
Turkmenistan,795,2008,0.0
Turkmenistan,795,2009,0.0
Turkmenistan,795,2010,0.0
Turkmenistan,795,2011,0.0
Turkmenistan,795,2012,0.0
Turkmenistan,795,2013,0.0
Turkmenistan,795,2014,0.0
Turkmenistan,795,2015,0.0
Turkmenistan,795,2016,0.0
Turkmenistan,795,2017,0.0
Turkmenistan,795,2018,0.0
Turkmenistan,795,2019,0.0
Turkmenistan,795,2020,0.0
Turkmenistan,795,2021,0.0
Turkmenistan,795,2022,0.0
Turkmenistan,795,2023,0.0
Turks and Caicos Islands,796,2000,0.0
Turks and Caicos Islands,796,2001,0.0
Turks and Caicos Islands,796,2002,0.0
Turks and Caicos Islands,796,2003,0.0
Turks and Caicos Islands,796,2004,0.0
Turks and Caicos Islands,796,2005,0.0
Turks and Caicos Islands,796,2006,0.0
Turks and Caicos Islands,796,2007,0.0
Turks and Caicos Islands,796,2008,0.0
Turks and Caicos Islands,796,2009,0.0
Turks and Caicos Islands,796,2010,0.0
Turks and Caicos Islands,796,2011,0.0
Turks and Caicos Islands,796,2012,0.0
Turks and Caicos Islands,796,2013,0.0
Turks and Caicos Islands,796,2014,0.0
Turks and Caicos Islands,796,2015,0.0
Turks and Caicos Islands,796,2016,0.0
Turks and Caicos Islands,796,2017,0.0
Turks and Caicos Islands,796,2018,0.0
Turks and Caicos Islands,796,2019,0.0
Turks and Caicos Islands,796,2020,0.0
Turks and Caicos Islands,796,2021,0.0
Turks and Caicos Islands,796,2022,0.0
Turks and Caicos Islands,796,2023,0.0
Tuvalu,798,2000,0.0
Tuvalu,798,2001,0.0
Tuvalu,798,2002,0.0
Tuvalu,798,2003,0.0
Tuvalu,798,2004,0.0
Tuvalu,798,2005,0.0
Tuvalu,798,2006,0.0
Tuvalu,798,2007,0.0
Tuvalu,798,2008,0.0
Tuvalu,798,2009,0.0
Tuvalu,798,2010,0.0
Tuvalu,798,2011,0.0
Tuvalu,798,2012,0.0
Tuvalu,798,2013,0.0
Tuvalu,798,2014,0.0
Tuvalu,798,2015,0.0
Tuvalu,798,2016,0.0
Tuvalu,798,2017,0.0
Tuvalu,798,2018,0.0
Tuvalu,798,2019,0.0
Tuvalu,798,2020,0.0
Tuvalu,798,2021,0.0
Tuvalu,798,2022,0.0
Tuvalu,798,2023,0.0
Turkey,792,2000,0.0
Turkey,792,2001,0.0
Turkey,792,2002,0.0
Turkey,792,2003,0.0
Turkey,792,2004,0.0
Turkey,792,2005,0.0
Turkey,792,2006,0.0
Turkey,792,2007,0.0
Turkey,792,2008,0.0
Turkey,792,2009,0.0
Turkey,792,2010,0.0
Turkey,792,2011,0.0
Turkey,792,2012,0.0
Turkey,792,2013,0.0
Turkey,792,2014,0.0
Turkey,792,2015,0.0
Turkey,792,2016,0.0
Turkey,792,2017,0.0
Turkey,792,2018,0.0
Turkey,792,2019,0.0
Turkey,792,2020,0.0
Turkey,792,2021,0.0
Turkey,792,2022,0.0
Turkey,792,2023,0.0
Uganda,800,2004,52.7017692774391
Uganda,800,2005,52.7017692774391
Uganda,800,2006,52.7017692774391
Uganda,800,2007,52.7017692774391
Uganda,800,2008,52.7017692774391
Uganda,800,2009,52.16107205986740
Uganda,800,2010,51.6203748422954
Uganda,800,2011,51.07967762472340
Uganda,800,2012,50.5389804071517
Uganda,800,2013,49.99828318957970
Uganda,800,2014,49.45758597200800
Uganda,800,2015,48.91688875443610
Uganda,800,2016,48.3761915368641
Uganda,800,2017,47.83549431929240
Uganda,800,2018,47.29479710172040
Uganda,800,2019,46.75409988414870
Uganda,800,2020,46.21340266657670
Uganda,800,2021,45.67270544900480
Uganda,800,2022,45.13200823143300
Uganda,800,2023,45.13200823143300
United Arab Emirates,784,2000,0.0
United Arab Emirates,784,2001,0.0
United Arab Emirates,784,2002,0.0
United Arab Emirates,784,2003,0.0
United Arab Emirates,784,2004,0.0
United Arab Emirates,784,2005,0.0
United Arab Emirates,784,2006,0.0
United Arab Emirates,784,2007,0.0
United Arab Emirates,784,2008,0.0
United Arab Emirates,784,2009,0.0
United Arab Emirates,784,2010,0.0
United Arab Emirates,784,2011,0.0
United Arab Emirates,784,2012,0.0
United Arab Emirates,784,2013,0.0
United Arab Emirates,784,2014,0.0
United Arab Emirates,784,2015,0.0
United Arab Emirates,784,2016,0.0
United Arab Emirates,784,2017,0.0
United Arab Emirates,784,2018,0.0
United Arab Emirates,784,2019,0.0
United Arab Emirates,784,2020,0.0
United Arab Emirates,784,2021,0.0
United Arab Emirates,784,2022,0.0
United Arab Emirates,784,2023,0.0
"Tanzania, United Republic of",834,2014,54.84024
"Tanzania, United Republic of",834,2015,54.84024
"Tanzania, United Republic of",834,2016,54.84024
"Tanzania, United Republic of",834,2017,54.84024
"Tanzania, United Republic of",834,2018,54.84024
"Tanzania, United Republic of",834,2019,54.84024
"Tanzania, United Republic of",834,2020,54.84024
"Tanzania, United Republic of",834,2021,54.84024
"Tanzania, United Republic of",834,2022,54.84024
United States,840,2000,0.0
United States,840,2001,0.0
United States,840,2002,0.0
United States,840,2003,0.0
United States,840,2004,0.0
United States,840,2005,0.0
United States,840,2006,0.0
United States,840,2007,0.0
United States,840,2008,0.0
United States,840,2009,0.0
United States,840,2010,0.0
United States,840,2011,0.0
United States,840,2012,0.0
United States,840,2013,0.0
United States,840,2014,0.0
United States,840,2015,0.0
United States,840,2016,0.0
United States,840,2017,0.0
United States,840,2018,0.0
United States,840,2019,0.0
United States,840,2020,0.0
United States,840,2021,0.0
United States,840,2022,0.0
United States,840,2023,0.0
Uruguay,858,2000,0.0
Uruguay,858,2001,0.0
Uruguay,858,2002,0.0
Uruguay,858,2003,0.0
Uruguay,858,2004,0.0
Uruguay,858,2005,0.0
Uruguay,858,2006,0.0
Uruguay,858,2007,0.0
Uruguay,858,2008,0.0
Uruguay,858,2009,0.0
Uruguay,858,2010,0.0
Uruguay,858,2011,0.0
Uruguay,858,2012,0.0
Uruguay,858,2013,0.0
Uruguay,858,2014,0.0
Uruguay,858,2015,0.0
Uruguay,858,2016,0.0
Uruguay,858,2017,0.0
Uruguay,858,2018,0.0
Uruguay,858,2019,0.0
Uruguay,858,2020,0.0
Uruguay,858,2021,0.0
Uruguay,858,2022,0.0
Uruguay,858,2023,0.0
Uzbekistan,860,2016,3.601090000000000
Uzbekistan,860,2017,3.601090000000000
Uzbekistan,860,2018,3.601090000000000
Uzbekistan,860,2019,3.601090000000000
Uzbekistan,860,2020,3.601090000000000
Uzbekistan,860,2021,3.601090000000000
Uzbekistan,860,2022,3.601090000000000
Uzbekistan,860,2023,3.601090000000000
Yemen,887,2009,84.0
Yemen,887,2010,84.0
Yemen,887,2011,84.0
Yemen,887,2012,84.0
Yemen,887,2013,84.0
Yemen,887,2014,84.0
Yemen,887,2015,84.0
Yemen,887,2016,84.0
Yemen,887,2017,84.0
Zambia,894,2013,3.147772036329740
Zambia,894,2014,3.147772036329740
Zambia,894,2015,3.147772036329740
Zambia,894,2016,3.147772036329740
Zambia,894,2017,3.147772036329740
Zambia,894,2018,3.147772036329740
Zambia,894,2019,3.147772036329740
Zambia,894,2020,3.147772036329740
Zambia,894,2021,3.147772036329740
Zambia,894,2022,3.147772036329740
Zambia,894,2023,3.147772036329740
Zimbabwe,716,2017,7.153093525179860
Zimbabwe,716,2018,7.153093525179860
Zimbabwe,716,2019,7.153093525179860
Zimbabwe,716,2020,7.153093525179860
Zimbabwe,716,2021,7.153093525179860
Zimbabwe,716,2022,7.153093525179860
Zimbabwe,716,2023,7.153093525179860